[
  {
    "type": "blitz",
    "difficulty": 3,
    "topic": "AntickiRim",
    "question": "Na području kojeg današnjeg glavnog grada i metropole se rodio veliki rimski car i filozof Marko Aurelije?",
    "answers": [
      "Beč",
      "Beča",
      "Wien",
      "Vienna"
    ],
    "image": null
  },
  {
    "type": "blitz",
    "difficulty": 3,
    "topic": "AntickiRim",
    "question": "Koji filozofski pravac je zagovarao rimski car Marko Aurelije, a osnovao ga je Zenon Kitijski?",
    "answers": [
      "Stoicizam"
    ],
    "image": null
  },
  {
    "type": "blitz",
    "difficulty": 3,
    "topic": "AntickiRim",
    "question": "Kako se zove jedino djelo koje je za života napisao car Marko Aurelije?",
    "answers": [
      "Samomu sebi",
      "Meditations",
      "Meditacije",
      "Ta eis heauton"
    ],
    "image": null
  }
]